CC,ISO2,ISO3,Year,Number_Text,Sample_Name,Original_Name,Alternate_Name,Barcode_String,A1,B1,A2,B2,A3,B3,A4,B4,A5,B5,A6,B6,A7,B7,A8,B8,A9,B9,A10,B10,A11,B11,A12,B12,X,N,P/F,M/P,Comment
SEN,DE,DEG,2019,051,SEN_DEG_2019_051,DE51.2019,DE51.2019,CACTGCGGATCACACACAANNCTG,C,A,C,T,G,C,G,G,A,T,C,A,C,A,C,A,C,A,A,N,N,C,T,G,0,2,P,P,
SEN,DE,DEG,2019,053,SEN_DEG_2019_053,DE53.2019,DE53.2019,TATTCCNGACCGTACATNAGATTG,T,A,T,T,C,C,N,G,A,C,C,G,T,A,C,A,T,N,A,G,A,T,T,G,0,2,P,P,
SEN,KD,KLD,2019,253,SEN_KLD_2019_253,KD253.2019,KD253.2019,TATTCCAGNCTNCCAACTAAACTG,T,A,T,T,C,C,A,G,N,C,T,N,C,C,A,A,C,T,A,A,A,C,T,G,0,2,P,P,
SEN,KD,KLD,2019,255,SEN_KLD_2019_255,KD255.2019,KD255.2019,TATTGGAGATTGCAACNAAGCNTG,T,A,T,T,G,G,A,G,A,T,T,G,C,A,A,C,N,A,A,G,C,N,T,G,0,2,P,P,
SEN,KD,KLD,2019,265,SEN_KLD_2019_265,KD265.2019,KD265.2019,CANTCGGGTNTGTACCTAAGATTG,C,A,N,T,C,G,G,G,T,N,T,G,T,A,C,C,T,A,A,G,A,T,T,G,0,2,P,P,
SEN,KD,KLD,2019,289,SEN_KLD_2019_289,KD289.2019,KD289.2019,TACCCNAGACTACCCCCAAAANTG,T,A,C,C,C,N,A,G,A,C,T,A,C,C,C,C,C,A,A,A,A,N,T,G,0,2,P,P,
SEN,KD,KLD,2019,291,SEN_KLD_2019_291,KD291.2019,KD291.2019,CNCTNGGGACTGTACCCAAGCTTG,C,N,C,T,N,G,G,G,A,C,T,G,T,A,C,C,C,A,A,G,C,T,T,G,0,2,P,P,
SEN,KD,KLD,2019,465,SEN_KLD_2019_465,KD465.2019,KD465.2019,TACTCGAGTCTGCANCNAAACTTG,T,A,C,T,C,G,A,G,T,C,T,G,C,A,N,C,N,A,A,A,C,T,T,G,0,2,P,P,
SEN,KF,KAF,2019,018,SEN_KAF_2019_018,KF18.2019,KF18.2019,TACTCGGGTTNNTAAATACGATTG,T,A,C,T,C,G,G,G,T,T,N,N,T,A,A,A,T,A,C,G,A,T,T,G,0,2,P,P,
SEN,KF,KAF,2019,019,SEN_KAF_2019_019,KF19.2019,KF19.2019,TACTCGGGTTNNTAAATACGATTG,T,A,C,T,C,G,G,G,T,T,N,N,T,A,A,A,T,A,C,G,A,T,T,G,0,2,P,P,
SEN,KG,KDG,2019,027,SEN_KDG_2019_027,KG027.2019,KG027.2019,TATTGCNGATTACANCCTAGCTGG,T,A,T,T,G,C,N,G,A,T,T,A,C,A,N,C,C,T,A,G,C,T,G,G,0,2,P,P,
SEN,KG,KDG,2019,063,SEN_KDG_2019_063,KG063.2019,KG063.2019,TACTGCAGTTTGTACCCNAGNTTG,T,A,C,T,G,C,A,G,T,T,T,G,T,A,C,C,C,N,A,G,N,T,T,G,0,2,P,P,
SEN,KG,KDG,2019,075,SEN_KDG_2019_075,KG075.2019,KG075.2019,TATTGGAGACNATAACCTNGCTTG,T,A,T,T,G,G,A,G,A,C,N,A,T,A,A,C,C,T,N,G,C,T,T,G,0,2,P,P,
SEN,KG,KDG,2019,091,SEN_KDG_2019_091,KG091.2019,KG091.2019,NATTCGNGATTACAACTTCGCCTG,N,A,T,T,C,G,N,G,A,T,T,A,C,A,A,C,T,T,C,G,C,C,T,G,0,2,P,P,
SEN,KM,SMS,2019,007,SEN_SMS_2019_007,KM007.2019,KM007.2019,TGCCCGNGNTCGCCCCCTAGATTG,T,G,C,C,C,G,N,G,N,T,C,G,C,C,C,C,C,T,A,G,A,T,T,G,0,2,P,P,
SEN,NC,NJC,2019,009,SEN_NJC_2019_009,NC9.2019,NC9.2019,CACTCCAGNTCGCACCTANGATTG,C,A,C,T,C,C,A,G,N,T,C,G,C,A,C,C,T,A,N,G,A,T,T,G,0,2,P,P,
SEN,NK,MAK,2019,034,SEN_MAK_2019_034,NK34.2019,NK34.2019,CANTCCGGATTACACACAAGNCTG,C,A,N,T,C,C,G,G,A,T,T,A,C,A,C,A,C,A,A,G,N,C,T,G,0,2,P,P,
SEN,NK,MAK,2019,056,SEN_MAK_2019_056,NK56.2019,NK56.2019,TACNCCGGACCGTCACCANGATTG,T,A,C,N,C,C,G,G,A,C,C,G,T,C,A,C,C,A,N,G,A,T,T,G,0,2,P,P,
SEN,NK,MAK,2019,068,SEN_MAK_2019_068,NK68.2019,NK68.2019,TATTCCGGTNTACACCCNAGCCTG,T,A,T,T,C,C,G,G,T,N,T,A,C,A,C,C,C,N,A,G,C,C,T,G,0,2,P,P,
SEN,NK,MAK,2019,081,SEN_MAK_2019_081,NK81.2019,NK81.2019,CATTGCAGACTGCACCNTNGACTG,C,A,T,T,G,C,A,G,A,C,T,G,C,A,C,C,N,T,N,G,A,C,T,G,0,2,P,P,
SEN,CS,CSS,2019,001,SEN_CSS_2019_001,RT_CS1.2019,RT_CS1.2019,CACNCCNGTCCACACCTAAGCTTG,C,A,C,N,C,C,N,G,T,C,C,A,C,A,C,C,T,A,A,G,C,T,T,G,0,2,P,P,
SEN,CS,CSS,2019,007,SEN_CSS_2019_007,RT_CS7.2019,RT_CS7.2019,TANTCCAGTCTACNACCTAGCTTG,T,A,N,T,C,C,A,G,T,C,T,A,C,N,A,C,C,T,A,G,C,T,T,G,0,2,P,P,
SEN,SE,SES,2019,043,SEN_SES_2019_043,SE43.2019,SE43.2019,TACTCGGGTTNNTAAATACGATTG,T,A,C,T,C,G,G,G,T,T,N,N,T,A,A,A,T,A,C,G,A,T,T,G,0,2,P,P,
SEN,SE,SES,2019,063,SEN_SES_2019_063,SE63.2019,SE63.2019,TACTCGAGACCACCACCTNNACTG,T,A,C,T,C,G,A,G,A,C,C,A,C,C,A,C,C,T,N,N,A,C,T,G,0,2,P,P,
SEN,SE,SES,2019,069,SEN_SES_2019_069,SE69.2019,SE69.2019,TATTNCAGTCCACCCNCTCGATTG,T,A,T,T,N,C,A,G,T,C,C,A,C,C,C,N,C,T,C,G,A,T,T,G,0,2,P,P,
SEN,SE,SES,2019,071,SEN_SES_2019_071,SE71.2019,SE71.2019,CATTGCNGTCCACACCCAAGANTG,C,A,T,T,G,C,N,G,T,C,C,A,C,A,C,C,C,A,A,G,A,N,T,G,0,2,P,P,
SEN,SE,SES,2019,076,SEN_SES_2019_076,SE76.2019,SE76.2019,CATTCCAGNCCATACACTNGCTTG,C,A,T,T,C,C,A,G,N,C,C,A,T,A,C,A,C,T,N,G,C,T,T,G,0,2,P,P,
SEN,TA,TAM,2019,002,SEN_TAM_2019_002,TA2.2019,TA2.2019,CACTCGANTNCACCCACTAGATTG,C,A,C,T,C,G,A,A,T,T,C,A,C,C,C,A,C,T,A,G,A,T,T,G,0,2,P,P,
SEN,TA,TAM,2019,086,SEN_TAM_2019_086,TA86.2019,TA86.2019,CACTNGAGTTNATAACCTAGATTG,C,A,C,T,N,G,A,G,T,T,N,A,T,A,A,C,C,T,A,G,A,T,T,G,0,2,P,P,
SEN,TB,TBA,2019,043,SEN_TBA_2019_043,TB43.2019,TB43.2019,CACTCCAANTTGCAACTNAGATTG,C,A,C,T,C,C,A,A,N,T,T,G,C,A,A,C,T,N,A,G,A,T,T,G,0,2,P,P,
SEN,TH,SLP,2019,041,SEN_SLP_2019_041,TH041.2019,TH041.2019,TACTCCAGTTTACCCCTANGANTG,T,A,C,T,C,C,A,G,T,T,T,A,C,C,C,C,T,A,N,G,A,N,T,G,0,2,P,P,
SEN,TO,TBK,2019,020,SEN_TBK_2019_020,TO20.2019,TO20.2019,TACTCGAGTTTATACCNTAGNTTG,T,A,C,T,C,G,A,G,T,T,T,A,T,A,C,C,N,T,A,G,N,T,T,G,0,2,P,P,
SEN,TO,TBK,2019,030,SEN_TBK_2019_030,TO30.2019,TO30.2019,TACCCCAGTCCGCAACTANGCNTG,T,A,C,C,C,C,A,G,T,C,C,G,C,A,A,C,T,A,N,G,C,N,T,G,0,2,P,P,
SEN,VG,VLG,2019,048,SEN_VLG_2019_048,VG48.2019,VG48.2019,TATCCCAGTTCACCNCCNAGACTG,T,A,T,C,C,C,A,G,T,T,C,A,C,C,N,C,C,N,A,G,A,C,T,G,0,2,P,P,
SEN,VG,VLG,2019,057,SEN_VLG_2019_057,VG57.2019,VG57.2019,TACTCGAGATTATCCCTTANCNTG,T,A,C,T,C,G,A,G,A,T,T,A,T,C,C,C,T,T,A,N,C,N,T,G,0,2,P,P,
SEN,VG,VLG,2019,071,SEN_VLG_2019_071,VG71.2019,VG71.2019,TACTCCNGACNACACCCTAGCCTG,T,A,C,T,C,C,N,G,A,C,N,A,C,A,C,C,C,T,A,G,C,C,T,G,0,2,P,P,
SEN,TA,TAM,2019,002_1,SEN_TAM_2019_002_1,TA2.2019,TA2.2019,CACTCGANTNCACCCACTAGATTG,C,A,C,T,C,G,A,N,T,N,C,A,C,C,C,A,C,T,A,G,A,T,T,G,0,2,P,P,
SEN,GA,GAB,2019,047,SEN_GAB_2019_047,GA047.2019,GA047.2019,NACCXGGNACCATCCCCAAGCTTG,N,A,C,C,X,G,G,N,A,C,C,A,T,C,C,C,C,A,A,G,C,T,T,G,1,2,P,P,
SEN,GA,GAB,2019,022,SEN_GAB_2019_022,GA22.2019,GA22.2019,CGCTCGGGNTXATAACTTNGCTTG,C,G,C,T,C,G,G,G,N,T,X,A,T,A,A,C,T,T,N,G,C,T,T,G,1,2,P,P,
SEN,KD,KLD,2019,276,SEN_KLD_2019_276,KD276.2019,KD276.2019,TACTCCGNACTXCCANTACAATTG,T,A,C,T,C,C,G,N,A,C,T,X,C,C,A,N,T,A,C,A,A,T,T,G,1,2,P,P,
SEN,KD,KLD,2019,295,SEN_KLD_2019_295,KD295.2019,KD295.2019,NANTCCGGACTXCCACTTAGCCTG,N,A,N,T,C,C,G,G,A,C,T,X,C,C,A,C,T,T,A,G,C,C,T,G,1,2,P,P,
SEN,KF,KAF,2019,027,SEN_KAF_2019_027,KF27.2019,KF27.2019,TACTCGGGTTNNTXAATACGATTG,T,A,C,T,C,G,G,G,T,T,N,N,T,X,A,A,T,A,C,G,A,T,T,G,1,2,P,P,
SEN,KG,KDG,2019,094,SEN_KDG_2019_094,KG094.2019,KG094.2019,CACTCCNAACXATAACCANGATTG,C,A,C,T,C,C,N,A,A,C,X,A,T,A,A,C,C,A,N,G,A,T,T,G,1,2,P,P,
SEN,KM,SMS,2019,006,SEN_SMS_2019_006,KM006.2019,KM006.2019,TACTCGNGTTTATAACTAAGANXG,T,A,C,T,C,G,N,G,T,T,T,A,T,A,A,C,T,A,A,G,A,N,X,G,1,2,P,P,
SEN,KM,SMS,2019,059,SEN_SMS_2019_059,KM59.2019,KM59.2019,CACTGCAGNNTACAAATAAGACXG,C,A,C,T,G,C,A,G,N,N,T,A,C,A,A,A,T,A,A,G,A,C,X,G,1,2,P,P,
SEN,MK,KML,2019,010,SEN_KML_2019_010,MK10.2019,MK10.2019,TANTXGAGACTACAAACTAGCNTG,T,A,N,T,X,G,A,G,A,C,T,A,C,A,A,A,C,T,A,G,C,N,T,G,1,2,P,P,
SEN,MO,MDR,2019,002,SEN_MDR_2019_002,MO2.2019,MO2.2019,CATTCGAGNTTGTCCXTNAGCTTG,C,A,T,T,C,G,A,G,N,T,T,G,T,C,C,X,T,N,A,G,C,T,T,G,1,2,P,P,
SEN,CS,CSS,2019,014,SEN_CSS_2019_014,RT_CS14.2019,RT_CS14.2019,TACTCCGAACTGCCAATXNNATTG,T,A,C,T,C,C,G,A,A,C,T,G,C,C,A,A,T,X,N,N,A,T,T,G,1,2,P,P,
SEN,CS,CSS,2019,002,SEN_CSS_2019_002,RT_CS2.2019,RT_CS2.2019,CATTCGAGANXGCAACTTNGCTTG,C,A,T,T,C,G,A,G,A,N,X,G,C,A,A,C,T,T,N,G,C,T,T,G,1,2,P,P,
SEN,TA,TAM,2019,054,SEN_TAM_2019_054,TA54.2019,TA54.2019,CANTCGAGATCGTCCCCANAATXG,C,A,N,T,C,G,A,G,A,T,C,G,T,C,C,C,C,A,N,A,A,T,X,G,1,2,P,P,
SEN,TB,TBA,2019,009,SEN_TBA_2019_009,TB9.2019,TB9.2019,TATTCCAGACTXTCACCAANNTTG,T,A,T,T,C,C,A,G,A,C,T,X,T,C,A,C,C,A,A,N,N,T,T,G,1,2,P,P,
SEN,TO,TBK,2019,011,SEN_TBK_2019_011,TO11.2019,TO11.2019,NANTXCAGATCGTACCTAAGCTTG,N,A,N,T,X,C,A,G,A,T,C,G,T,A,C,C,T,A,A,G,C,T,T,G,1,2,P,P,
SEN,TO,TBK,2019,002,SEN_TBK_2019_002,TO2.2019,TO2.2019,TACTCCGGATXGTCCNCAAACNTG,T,A,C,T,C,C,G,G,A,T,X,G,T,C,C,N,C,A,A,A,C,N,T,G,1,2,P,P,
SEN,TO,TBK,2019,027,SEN_TBK_2019_027,TO27.2019,TO27.2019,TACTCGAGNTCACACCNAAGACXG,T,A,C,T,C,G,A,G,N,T,C,A,C,A,C,C,N,A,A,G,A,C,X,G,1,2,P,P,
SEN,VG,VLG,2019,083,SEN_VLG_2019_083,VG83.2019,VG83.2019,TACCCNAGATTGCCCCCTAGNCXG,T,A,C,C,C,N,A,G,A,T,T,G,C,C,C,C,C,T,A,G,N,C,X,G,1,2,P,P,
SEN,DE,DEG,2019,028,SEN_DEG_2019_028,DE28.2019,DE28.2019,TGCCCGAAATTATACCTANGNNTG,T,G,C,C,C,G,A,A,A,T,T,A,T,A,C,C,T,A,N,G,N,N,T,G,0,3,P,P,
SEN,DE,DEG,2019,050,SEN_DEG_2019_050,DE50.2019,DE50.2019,CACTNCGGATCACACACNAGNCTG,C,A,C,T,N,C,G,G,A,T,C,A,C,A,C,A,C,N,A,G,N,C,T,G,0,3,P,P,
SEN,KD,KLD,2019,292,SEN_KLD_2019_292,KD292.2019,KD292.2019,CNCTNGGGACTGTNCCCAAGCTTG,C,N,C,T,N,G,G,G,A,C,T,G,T,N,C,C,C,A,A,G,C,T,T,G,0,3,P,P,
SEN,KF,KAF,2019,020,SEN_KAF_2019_020,KF20.2019,KF20.2019,TACTCGGGTTNNTAAATANGATTG,T,A,C,T,C,G,G,G,T,T,N,N,T,A,A,A,T,A,N,G,A,T,T,G,0,3,P,P,
SEN,KF,KAF,2019,041,SEN_KAF_2019_041,KF41.2019,KF41.2019,TACTGCNGATTACACNNAAAATTG,T,A,C,T,G,C,N,G,A,T,T,A,C,A,C,N,N,A,A,A,A,T,T,G,0,3,P,P,
SEN,KF,KAF,2019,005,SEN_KAF_2019_005,KF5.2019,KF5.2019,CACTGCAGATCACACCTNAANNTG,C,A,C,T,G,C,A,G,A,T,C,A,C,A,C,C,T,N,A,A,N,N,T,G,0,3,P,P,
SEN,KG,KDG,2019,015,SEN_KDG_2019_015,KG015.2019,KG015.2019,NACTCCGNACTACACCCNAGACTG,N,A,C,T,C,C,G,N,A,C,T,A,C,A,C,C,C,N,A,G,A,C,T,G,0,3,P,P,
SEN,KM,SMS,2019,008,SEN_SMS_2019_008,KM008.2019,KM008.2019,TACTCGAGTTCACACCCANNANTG,T,A,C,T,C,G,A,G,T,T,C,A,C,A,C,C,C,A,N,N,A,N,T,G,0,3,P,P,
SEN,KM,SMS,2019,009,SEN_SMS_2019_009,KM009.2019,KM009.2019,TATTCNAGTTNACANCTTCGACTG,T,A,T,T,C,N,A,G,T,T,N,A,C,A,N,C,T,T,C,G,A,C,T,G,0,3,P,P,
SEN,KM,SMS,2019,031,SEN_SMS_2019_031,KM31.2019,KM31.2019,TACTCNGGNNTGCACATTAGACTG,T,A,C,T,C,N,G,G,N,N,T,G,C,A,C,A,T,T,A,G,A,C,T,G,0,3,P,P,
SEN,MO,MDR,2019,024,SEN_MDR_2019_024,MO24.2019,MO24.2019,CACTCCAGNCTATANCCNAGACTG,C,A,C,T,C,C,A,G,N,C,T,A,T,A,N,C,C,N,A,G,A,C,T,G,0,3,P,P,
SEN,NK,MAK,2019,015,SEN_MAK_2019_015,NK15.2019,NK15.2019,TATTCNAGACCGCACCTANNATTG,T,A,T,T,C,N,A,G,A,C,C,G,C,A,C,C,T,A,N,N,A,T,T,G,0,3,P,P,
SEN,NK,MAK,2019,018,SEN_MAK_2019_018,NK18.2019,NK18.2019,CATCNNAGACCGTACATACGCNTG,C,A,T,C,N,N,A,G,A,C,C,G,T,A,C,A,T,A,C,G,C,N,T,G,0,3,P,P,
SEN,NK,MAK,2019,019,SEN_MAK_2019_019,NK19.2019,NK19.2019,TACTNCGGTNCGCAACNACACTTG,T,A,C,T,N,C,G,G,T,N,C,G,C,A,A,C,N,A,C,A,C,T,T,G,0,3,P,P,
SEN,NK,MAK,2019,023,SEN_MAK_2019_023,NK23.2019,NK23.2019,TANTCCAGATCGCACCCNANCCTG,T,A,N,T,C,C,A,G,A,T,C,G,C,A,C,C,C,N,A,N,C,C,T,G,0,3,P,P,
SEN,NK,MAK,2019,027,SEN_MAK_2019_027,NK27.2019,NK27.2019,NACCCCAGTNTNCACACAAGATTG,N,A,C,C,C,C,A,G,T,N,T,N,C,A,C,A,C,A,A,G,A,T,T,G,0,3,P,P,
SEN,NK,MAK,2019,075,SEN_MAK_2019_075,NK75.2019,NK75.2019,CACCNGAGACCGTANCCTAGANTG,C,A,C,C,N,G,A,G,A,C,C,G,T,A,N,C,C,T,A,G,A,N,T,G,0,3,P,P,
SEN,CS,CSS,2019,005,SEN_CSS_2019_005,RT_CS5.2019,RT_CS5.2019,CATTCGNGANTGCAACTTNGCTTG,C,A,T,T,C,G,N,G,A,N,T,G,C,A,A,C,T,T,N,G,C,T,T,G,0,3,P,P,
SEN,RS,ROS,2019,002,SEN_ROS_2019_002,RT_RS2.2019,RT_RS2.2019,TANTCCANTCTACNACCTAGCTTG,T,A,N,T,C,C,A,N,T,C,T,A,C,N,A,C,C,T,A,G,C,T,T,G,0,3,P,P,
SEN,TA,TAM,2019,031,SEN_TAM_2019_031,TA31.2019,TA31.2019,CACTCCNGTCTGCANCCAAANTTG,C,A,C,T,C,C,N,G,T,C,T,G,C,A,N,C,C,A,A,A,N,T,T,G,0,3,P,P,
SEN,TA,TAM,2019,084,SEN_TAM_2019_084,TA84.2019,TA84.2019,CANTCGNGATCACACCTTAGNTTG,C,A,N,T,C,G,N,G,A,T,C,A,C,A,C,C,T,T,A,G,N,T,T,G,0,3,P,P,
SEN,TB,TBA,2019,015,SEN_TBA_2019_015,TB15.2019,TB15.2019,TANTCCAGNCCGCACCCAAGANTG,T,A,N,T,C,C,A,G,N,C,C,G,C,A,C,C,C,A,A,G,A,N,T,G,0,3,P,P,
SEN,TB,TBA,2019,021,SEN_TBA_2019_021,TB21.2019,TB21.2019,TATTCCNGACTACACCTNAGANTG,T,A,T,T,C,C,N,G,A,C,T,A,C,A,C,C,T,N,A,G,A,N,T,G,0,3,P,P,
SEN,TB,TBA,2019,024,SEN_TBA_2019_024,TB24.2019,TB24.2019,CANTCCAGANCGCAACTANACTTG,C,A,N,T,C,C,A,G,A,N,C,G,C,A,A,C,T,A,N,A,C,T,T,G,0,3,P,P,
SEN,TB,TBA,2019,038,SEN_TBA_2019_038,TB38.2019,TB38.2019,CANTCCGGANCGCANCCAAGACTG,C,A,N,T,C,C,G,G,A,N,C,G,C,A,N,C,C,A,A,G,A,C,T,G,0,3,P,P,
SEN,TH,SLP,2019,037,SEN_SLP_2019_037,TH037.2019,TH037.2019,TACTGGAGTTTGCCACNANGCNTG,T,A,C,T,G,G,A,G,T,T,T,G,C,C,A,C,N,A,N,G,C,N,T,G,0,3,P,P,
SEN,VG,VLG,2019,055,SEN_VLG_2019_055,VG55.2019,VG55.2019,TACTCNGNACTGTACCTNAGACTG,T,A,C,T,C,N,G,N,A,C,T,G,T,A,C,C,T,N,A,G,A,C,T,G,0,3,P,P,
SEN,VG,VLG,2019,077,SEN_VLG_2019_077,VG77.2019,VG77.2019,TANCCCGNATTGTACANTAGCCTG,T,A,N,C,C,C,G,N,A,T,T,G,T,A,C,A,N,T,A,G,C,C,T,G,0,3,P,P,
SEN,DE,DEG,2019,049,SEN_DEG_2019_049,DE49.2019,DE49.2019,CACTGCAGATTXCACNNAANATTG,C,A,C,T,G,C,A,G,A,T,T,X,C,A,C,N,N,A,A,N,A,T,T,G,1,3,P,P,
SEN,KF,KAF,2019,007,SEN_KAF_2019_007,KF7.2019,KF7.2019,TACTCCGGACTXCAAANANNCTTG,T,A,C,T,C,C,G,G,A,C,T,X,C,A,A,A,N,A,N,N,C,T,T,G,1,3,P,P,
SEN,KM,SMS,2019,026,SEN_SMS_2019_026,KM26.2019,KM26.2019,TACCCCNGATXGCACCCAAGNNTG,T,A,C,C,C,C,N,G,A,T,X,G,C,A,C,C,C,A,A,G,N,N,T,G,1,3,P,P,
SEN,MO,MDR,2019,005,SEN_MDR_2019_005,MO5.2019,MO5.2019,TANTCCGGATTNNACCCXAGACTG,T,A,N,T,C,C,G,G,A,T,T,N,N,A,C,C,C,X,A,G,A,C,T,G,1,3,P,P,
SEN,SG,SED,2019,032,SEN_SED_2019_032,SG32.2019,SG32.2019,TACTCCGANTXACACNCAAGCNTG,T,A,C,T,C,C,G,A,N,T,X,A,C,A,C,N,C,A,A,G,C,N,T,G,1,3,P,P,
SEN,TH,SLP,2019,012,SEN_SLP_2019_012,TH012.2019,TH012.2019,TACTXCAGTTTACCCCTANGNNTG,T,A,C,T,X,C,A,G,T,T,T,A,C,C,C,C,T,A,N,G,N,N,T,G,1,3,P,P,
SEN,TO,TBK,2019,044,SEN_TBK_2019_044,TO44.2019,TO44.2019,TANTCGNGTNCACACCCXCGCTTG,T,A,N,T,C,G,N,G,T,N,C,A,C,A,C,C,C,X,C,G,C,T,T,G,1,3,P,P,
SEN,TO,TBK,2019,045,SEN_TBK_2019_045,TO45.2019,TO45.2019,NATTNCGGATTGTACCTACGCNXG,N,A,T,T,N,C,G,G,A,T,T,G,T,A,C,C,T,A,C,G,C,N,X,G,1,3,P,P,
SEN,GA,GAB,2019,004,SEN_GAB_2019_004,GA4.2019,GA4.2019,TACTNCAGANNGCACCNTAGATTG,T,A,C,T,N,C,A,G,A,N,N,G,C,A,C,C,N,T,A,G,A,T,T,G,0,4,P,P,
SEN,KD,KLD,2019,466,SEN_KLD_2019_466,KD466.2019,KD466.2019,CNCTNGGGACTGTNNCCAAGCTTG,C,N,C,T,N,G,G,G,A,C,T,G,T,N,N,C,C,A,A,G,C,T,T,G,0,4,P,P,
SEN,KF,KAF,2019,050,SEN_KAF_2019_050,KF50.2019,KF50.2019,TACTNCGGNNTNCACCCAAGATTG,T,A,C,T,N,C,G,G,N,N,T,N,C,A,C,C,C,A,A,G,A,T,T,G,0,4,P,P,
SEN,KG,KDG,2019,009,SEN_KDG_2019_009,KG009.2019,KG009.2019,TACTCCGGNTNGCCNCCNAGCTTG,T,A,C,T,C,C,G,G,N,T,N,G,C,C,N,C,C,N,A,G,C,T,T,G,0,4,P,P,
SEN,KG,KDG,2019,060,SEN_KDG_2019_060,KG060.2019,KG060.2019,TANTGCAGTNTGCACCTTNANTTG,T,A,N,T,G,C,A,G,T,N,T,G,C,A,C,C,T,T,N,A,N,T,T,G,0,4,P,P,
SEN,KM,SMS,2019,010,SEN_SMS_2019_010,KM010.2019,KM010.2019,CACTCCNGTTNACANCTTNGCTTG,C,A,C,T,C,C,N,G,T,T,N,A,C,A,N,C,T,T,N,G,C,T,T,G,0,4,P,P,
SEN,MK,KML,2019,014,SEN_KML_2019_014,MK14.2019,MK14.2019,CACTNNNGATCGCCCCTTANATTG,C,A,C,T,N,N,N,G,A,T,C,G,C,C,C,C,T,T,A,N,A,T,T,G,0,4,P,P,
SEN,MK,KML,2019,028,SEN_KML_2019_028,MK28.2019,MK28.2019,TANTCCAGTCCGCACNNAANCTTG,T,A,N,T,C,C,A,G,T,C,C,G,C,A,C,N,N,A,A,N,C,T,T,G,0,4,P,P,
SEN,MO,MDR,2019,021,SEN_MDR_2019_021,MO21.2019,MO21.2019,TACTCCNGNTCATAANNTAGCTTG,T,A,C,T,C,C,N,G,N,T,C,A,T,A,A,N,N,T,A,G,C,T,T,G,0,4,P,P,
SEN,NK,MAK,2019,014,SEN_MAK_2019_014,NK14.2019,NK14.2019,TACTCCGGTNCNCACANAAGNCTG,T,A,C,T,C,C,G,G,T,N,C,N,C,A,C,A,N,A,A,G,N,C,T,G,0,4,P,P,
SEN,NK,MAK,2019,002,SEN_MAK_2019_002,NK2.2019,NK2.2019,TANTCCNGNCCGCACCTANGATTG,T,A,N,T,C,C,N,G,N,C,C,G,C,A,C,C,T,A,N,G,A,T,T,G,0,4,P,P,
SEN,RS,ROS,2019,006,SEN_ROS_2019_006,RT_RS6.2019,RT_RS6.2019,TACTNCAANNTATCACNAAGACTG,T,A,C,T,N,C,A,A,N,N,T,A,T,C,A,C,N,A,A,G,A,C,T,G,0,4,P,P,
SEN,TA,TAM,2019,076,SEN_TAM_2019_076,TA76.2019,TA76.2019,TACTNCAGNNTGTACANAAGATTG,T,A,C,T,N,C,A,G,N,N,T,G,T,A,C,A,N,A,A,G,A,T,T,G,0,4,P,P,
SEN,TB,TBA,2019,005,SEN_TBA_2019_005,TB5.2019,TB5.2019,CNNNCCNGACTGCAAATAAGCTTG,C,N,N,N,C,C,N,G,A,C,T,G,C,A,A,A,T,A,A,G,C,T,T,G,0,4,P,P,
SEN,TO,TBK,2019,039,SEN_TBK_2019_039,TO39.2019,TO39.2019,CACTCGNGTCTACACACACNNNTG,C,A,C,T,C,G,N,G,T,C,T,A,C,A,C,A,C,A,C,N,N,N,T,G,0,4,P,P,
SEN,TO,TBK,2019,042,SEN_TBK_2019_042,TO42.2019,TO42.2019,CACTCCNGNTTGCCCCTNANATTG,C,A,C,T,C,C,N,G,N,T,T,G,C,C,C,C,T,N,A,N,A,T,T,G,0,4,P,P,
SEN,VG,VLG,2019,001,SEN_VLG_2019_001,VG1.2019,VG1.2019,NACTCCAGNTTGCNXCCTAGANTG,N,A,C,T,C,C,A,G,N,T,T,G,C,N,A,C,C,T,A,G,A,N,T,G,0,4,P,P,
SEN,VG,VLG,2019,033,SEN_VLG_2019_033,VG33.2019,VG33.2019,NANTCCNGACTGCCCNCAAGCTTG,N,A,N,T,C,C,N,G,A,C,T,G,C,C,C,N,C,A,A,G,C,T,T,G,0,4,P,P,
SEN,VG,VLG,2019,054,SEN_VLG_2019_054,VG54.2019,VG54.2019,CATTGNAGANTGCACCCACNCNTG,C,A,T,T,G,N,A,G,A,N,T,G,C,A,C,C,C,A,C,N,C,N,T,G,0,4,P,P,
SEN,VG,VLG,2019,073,SEN_VLG_2019_073,VG73.2019,VG73.2019,TACTCNAGNNTACCCCCAAGCNTG,T,A,C,T,C,N,A,G,N,N,T,A,C,C,C,C,C,A,A,G,C,N,T,G,0,4,P,P,
SEN,VG,VLG,2019,091,SEN_VLG_2019_091,VG91.2019,VG91.2019,TACTCCNGACCGCANCNAANCTTG,T,A,C,T,C,C,N,G,A,C,C,G,C,A,N,C,N,A,A,N,C,T,T,G,0,4,P,P,Duplicate
SEN,DE,DEG,2019,009,SEN_DEG_2019_009,DE009.2019,DE009.2019,XANTCCAATTTGCANCNAAGCNTG,X,A,N,T,C,C,A,A,T,T,T,G,C,A,N,C,N,A,A,G,C,N,T,G,1,4,P,P,
SEN,GA,GAB,2019,077,SEN_GAB_2019_077,GA077.2019,GA077.2019,TANTNCNATCXATCCCCTAGCNTG,T,A,N,T,N,C,N,A,T,C,X,A,T,C,C,C,C,T,A,G,C,N,T,G,1,4,P,P,
SEN,GA,GAB,2019,095,SEN_GAB_2019_095,GA095.2019,GA095.2019,TACCCNGGATTGCANCCACGANNX,T,A,C,C,C,N,G,G,A,T,T,G,C,A,N,C,C,A,C,G,A,N,N,X,1,4,P,P,
SEN,SG,SED,2019,038,SEN_SED_2019_038,SG38.2019,SG38.2019,TACTNNAGNCTACCNCCTCGACXG,T,A,C,T,N,N,A,G,N,C,T,A,C,C,N,C,C,T,C,G,A,C,X,G,1,4,P,P,
SEN,TA,TAM,2019,048,SEN_TAM_2019_048,TA48.2019,TA48.2019,TATTCCNGTNTGCANCTAAGANXG,T,A,T,T,C,C,N,G,T,N,T,G,C,A,N,C,T,A,A,G,A,N,X,G,1,4,P,P,
SEN,TA,TAM,2019,068,SEN_TAM_2019_068,TA68.2019,TA68.2019,XACTCCAGATCNTACCNAANNCTG,X,A,C,T,C,C,A,G,A,T,C,N,T,A,C,C,N,A,A,N,N,C,T,G,1,4,P,P,
SEN,VG,VLG,2019,002,SEN_VLG_2019_002,VG2.2019,VG2.2019,TACTCCAGTCTANNNCCAAGANXG,T,A,C,T,C,C,A,G,T,C,T,A,N,N,N,C,C,A,A,G,A,N,X,G,1,4,P,P,
SEN,VG,VLG,2019,021,SEN_VLG_2019_021,VG21.2019,VG21.2019,NACNCGAGTCXACAAATANACNTG,N,A,C,N,C,G,A,G,T,C,X,A,C,A,A,A,T,A,N,A,C,N,T,G,1,4,P,P,
SEN,VG,VLG,2019,058,SEN_VLG_2019_058,VG58.2019,VG58.2019,CANTNGGGTNNACCCCTAAGCTXG,C,A,N,T,N,G,G,G,T,N,N,A,C,C,C,C,T,A,A,G,C,T,X,G,1,4,P,P,
SEN,GA,GAB,2019,025,SEN_GAB_2019_025,GA25.2019,GA25.2019,TANTCNNGATCGCCNCCTAGANTG,T,A,N,T,C,N,G,G,A,T,C,G,C,C,N,C,C,T,A,G,A,N,T,G,0,5,P,P,
SEN,KD,KLD,2019,279,SEN_KLD_2019_279,KD279.2019,KD279.2019,TACTCCNANNNGCCAANACAATTG,T,A,C,T,C,C,N,A,N,N,N,G,C,C,A,A,N,A,C,A,A,T,T,G,0,5,P,P,
SEN,KD,KLD,2019,303,SEN_KLD_2019_303,KD303.2019,KD303.2019,TACNCCGANNTGCCCANACANTTG,T,A,C,N,C,C,G,A,N,N,T,G,C,C,C,A,N,A,C,A,N,T,T,G,0,5,P,P,
SEN,KD,KLD,2019,458,SEN_KLD_2019_458,KD458.2019,KD458.2019,TACTCCNANNNGCCNATACAATTG,T,A,C,T,C,C,N,A,N,N,N,G,C,C,N,A,T,A,C,A,A,T,T,G,0,5,P,P,
SEN,KF,KAF,2019,054,SEN_KAF_2019_054,KF54.2019,KF54.2019,TACTNNGGNNTGNACCCAAGACTG,T,A,C,T,N,N,G,G,N,N,T,G,N,A,C,C,C,A,A,G,A,C,T,G,0,5,P,P,
SEN,KG,KDG,2019,007,SEN_KDG_2019_007,KG007.2019,KG007.2019,NANTCCNGACTGCACNNTAGCCTG,N,A,N,T,C,C,N,G,A,C,T,G,C,A,C,N,N,T,A,G,C,C,T,G,0,5,P,P,
SEN,KG,KDG,2019,066,SEN_KDG_2019_066,KG066.2019,KG066.2019,CACNCCGGACTNCANCTANNCCTG,C,A,C,N,C,C,G,G,A,C,T,N,C,A,N,C,T,A,N,N,C,C,T,G,0,5,P,P,
SEN,KG,KDG,2019,108,SEN_KDG_2019_108,KG108.2019,KG108.2019,CACTCCAGANTNNACCCTNGANTG,C,A,C,T,C,C,A,G,A,N,T,N,N,A,C,C,C,T,N,G,A,N,T,G,0,5,P,P,
SEN,KM,SMS,2019,004,SEN_SMS_2019_004,KM004.2019,KM004.2019,TATTCCAGNNTATACCCNNGNTTG,T,A,T,T,C,C,A,G,N,N,T,A,T,A,C,C,C,N,N,G,N,T,T,G,0,5,P,P,
SEN,MK,KML,2019,011,SEN_KML_2019_011,MK11.2019,MK11.2019,TACTCCAGNNTANNCCTAAACNTG,T,A,C,T,C,C,A,G,N,N,T,A,N,N,C,C,T,A,A,A,C,N,T,G,0,5,P,P,
SEN,NK,MAK,2019,041,SEN_MAK_2019_041,NK41.2019,NK41.2019,TANTCNGGACTGNACCCAANANTG,T,A,N,T,C,N,G,G,A,C,T,G,N,A,C,C,C,A,A,N,A,N,T,G,0,5,P,P,
SEN,NK,MAK,2019,088,SEN_MAK_2019_088,NK88.2019,NK88.2019,TACTCNGGTCTACNCCNAAGNNTG,T,A,C,T,C,N,G,G,T,C,T,A,C,N,C,C,N,A,A,G,N,N,T,G,0,5,P,P,
SEN,CS,CSS,2019,008,SEN_CSS_2019_008,RT_CS8.2019,RT_CS8.2019,TACTNCNGATTGCCCCNNAGNTTG,T,A,C,T,N,C,N,G,A,T,T,G,C,C,C,C,N,N,A,G,N,T,T,G,0,5,P,P,
SEN,SG,SED,2019,028,SEN_SED_2019_028,SG28.2019,SG28.2019,TACTNNAGNCTACCNCCTNGATTG,T,A,C,T,N,N,A,G,N,C,T,A,C,C,N,C,C,T,N,G,A,T,T,G,0,5,P,P,
SEN,SG,SED,2019,036,SEN_SED_2019_036,SG36.2019,SG36.2019,TACTCCAGNCNACNCCNTCGANTG,T,A,C,T,C,C,A,G,N,C,N,A,C,N,C,C,N,T,C,G,A,N,T,G,0,5,P,P,
SEN,TB,TBA,2019,088,SEN_TBA_2019_088,TB88.2019,TB88.2019,CACTCCAGTTCGCAANNAANNNTG,C,A,C,T,C,C,A,G,T,T,C,G,C,A,A,N,N,A,A,N,N,N,T,G,0,5,P,P,
SEN,TB,TBA,2019,090,SEN_TBA_2019_090,TB90.2019,TB90.2019,TACTCNANANTNCACCNTAGACTG,T,A,C,T,C,N,A,N,A,N,T,N,C,A,C,C,N,T,A,G,A,C,T,G,0,5,P,P,
SEN,TH,SLP,2019,038,SEN_SLP_2019_038,TH038.2019,TH038.2019,TANTGGAGTNTNCCACCNNGCCTG,T,A,N,T,G,G,A,G,T,N,T,N,C,C,A,C,C,N,N,G,C,C,T,G,0,5,P,P,
SEN,TH,SLP,2019,053,SEN_SLP_2019_053,TH053.2019,TH053.2019,NACCCGAGACNANACACTCNANTG,N,A,C,C,C,G,A,G,A,C,N,A,N,A,C,A,C,T,C,N,A,N,T,G,0,5,P,P,
SEN,TH,SLP,2019,072,SEN_SLP_2019_072,TH72.2019,TH72.2019,CANTCCNNANNGCACCTTAGACTG,C,A,N,T,C,C,N,N,A,N,N,G,C,A,C,C,T,T,A,G,A,C,T,G,0,5,P,P,
SEN,TO,TBK,2019,025,SEN_TBK_2019_025,TO25.2019,TO25.2019,TANTNGAGTTNNNACCTAAGCCTG,T,A,N,T,N,G,A,G,T,T,N,N,N,A,C,C,T,A,A,G,C,C,T,G,0,5,P,P,
SEN,VG,VLG,2019,030,SEN_VLG_2019_030,VG30.2019,VG30.2019,NACTCCNGNCTACACCNAAGCNTG,N,A,C,T,C,C,N,G,N,C,T,A,C,A,C,C,N,A,A,G,C,N,T,G,0,5,P,P,
SEN,VG,VLG,2019,049,SEN_VLG_2019_049,VG49.2019,VG49.2019,TACCGNNGTCCACNCCTAAGNNTG,T,A,C,C,G,N,N,G,T,C,C,A,C,N,C,C,T,A,A,G,N,N,T,G,0,5,P,P,
SEN,VG,VLG,2019,094,SEN_VLG_2019_094,VG94.2019,VG94.2019,TACCCGGGNNTANANCCAAGNCTG,T,A,C,C,C,G,G,G,N,N,T,A,N,A,N,C,C,A,A,G,N,C,T,G,0,5,P,P,
SEN,GA,GAB,2019,074,SEN_GAB_2019_074,GA074.2019,GA074.2019,NACTCCNGATCXTACCCTANNNTG,N,A,C,T,C,C,N,G,A,T,C,X,T,A,C,C,C,T,A,N,N,N,T,G,1,5,P,P,
SEN,GA,GAB,2019,031,SEN_GAB_2019_031,GA31.2019,GA31.2019,TATTCCXGANCNNCCNTAAGCNTG,T,A,T,T,C,C,A,G,A,C,C,N,N,C,C,C,T,A,A,G,C,N,T,G,1,5,P,P,
SEN,KG,KDG,2019,037,SEN_KDG_2019_037,KG037.2019,KG037.2019,TATTXNGGANTNTACANNAGCTTG,T,A,T,T,X,N,G,G,A,N,T,N,T,A,C,A,N,N,A,G,C,T,T,G,1,5,P,P,
SEN,NK,MAK,2019,007,SEN_MAK_2019_007,NK7.2019,NK7.2019,XANTCCANTNCNCCCATTAGNTTG,X,A,N,T,C,C,A,N,T,N,C,N,C,C,C,A,T,T,A,G,N,T,T,G,1,5,P,P,
SEN,TA,TAM,2019,034,SEN_TAM_2019_034,TA34.2019,TA34.2019,TACTCNAGANXNNACANAAGCCTG,T,A,C,T,C,N,A,G,A,N,X,N,N,A,C,A,N,A,A,G,C,C,T,G,1,5,P,P,
SEN,TO,TBK,2019,001,SEN_TBK_2019_001,TO1.2019,TO1.2019,TACTCCNGATCNCNCNCAANATXG,T,A,C,T,C,C,N,G,A,T,C,N,C,N,C,N,C,A,A,N,A,T,X,G,1,5,P,P,
SEN,VG,VLG,2019,023,SEN_VLG_2019_023,VG23.2019,VG23.2019,NACTNCAGTNNACAAACANGCTTX,N,A,C,T,N,C,A,G,T,N,N,A,C,A,A,A,C,A,N,G,C,T,T,X,1,5,P,P,
SEN,DE,DEG,2019,047,SEN_DEG_2019_047,DE47.2019,DE47.2019,TANTNCNGANTGCACNCNAGACTG,T,A,N,T,N,C,N,G,A,N,T,G,C,A,C,N,C,N,A,G,A,C,T,G,0,6,P,P,
SEN,GA,GAB,2019,053,SEN_GAB_2019_053,GA053.2019,GA053.2019,TACNGCNGATNGCNCCNTCGNCTG,T,A,C,N,G,C,N,G,A,T,N,G,C,N,C,C,N,T,C,G,N,C,T,G,0,6,P,P,
SEN,GA,GAB,2019,078,SEN_GAB_2019_078,GA078.2019,GA078.2019,TACTCCNGNCTACANACANNANTG,T,A,C,T,C,C,N,G,N,C,T,A,C,A,N,A,C,A,N,N,A,N,T,G,0,6,P,P,
SEN,GA,GAB,2019,001,SEN_GAB_2019_001,GA1.2019,GA1.2019,NANTCCAGNNTNCACCCANGATTG,N,A,N,T,C,C,A,G,N,N,T,N,C,A,C,C,C,A,N,G,A,T,T,G,0,6,P,P,
SEN,KF,KAF,2019,033,SEN_KAF_2019_033,KF33.2019,KF33.2019,TACTCCNGNNTGCCNCCANGNCTG,T,A,C,T,C,C,N,G,N,N,T,G,C,C,N,C,C,A,N,G,N,C,T,G,0,6,P,P,
SEN,KG,KDG,2019,083,SEN_KDG_2019_083,KG083.2019,KG083.2019,TACTGCNGNTTANNCCTAANANTG,T,A,C,T,G,C,N,G,N,T,T,A,N,N,C,C,T,A,A,N,A,N,T,G,0,6,P,P,
SEN,KG,KDG,2019,095,SEN_KDG_2019_095,KG095.2019,KG095.2019,CANTCNNGANCGTCCCNAAGNTTG,C,A,N,T,C,N,N,G,A,N,C,G,T,C,C,C,N,A,A,G,N,T,T,G,0,6,P,P,
SEN,MO,MDR,2019,019,SEN_MDR_2019_019,MO19.2019,MO19.2019,TANTCGNGANTANCCCNAAAANTG,T,A,N,T,C,G,N,G,A,N,T,A,N,C,C,C,N,A,A,A,A,N,T,G,0,6,P,P,
SEN,MO,MDR,2019,009,SEN_MDR_2019_009,MO9.2019,MO9.2019,CACNGCGGNNNNTAACNTAGCTTG,C,A,C,N,G,C,G,G,N,N,N,N,T,A,A,C,N,T,A,G,C,T,T,G,0,6,P,P,
SEN,NK,MAK,2019,089,SEN_MAK_2019_089,NK89.2019,NK89.2019,TANTCGAGACTGTANNNNANATTG,T,A,N,T,C,G,A,G,A,C,T,G,T,A,N,N,N,N,A,N,A,T,T,G,0,6,P,P,
SEN,RB,ROB,2019,004,SEN_ROB_2019_004,RT_RB4.2019,RT_RB4.2019,CACTCGAGANNNCACCNAANNCTG,C,A,C,T,C,G,A,G,A,N,N,N,C,A,C,C,N,A,A,N,N,C,T,G,0,6,P,P,
SEN,RB,ROB,2019,005,SEN_ROB_2019_005,RT_RB5.2019,RT_RB5.2019,CACTCGAGANNNCACCNAANNCTG,C,A,C,T,C,G,A,G,A,N,N,N,C,A,C,C,N,A,A,N,N,C,T,G,0,6,P,P,
SEN,RB,ROB,2019,009,SEN_ROB_2019_009,RT_RB9.2019,RT_RB9.2019,NACTCCANNNCNCACCCAAGANTG,N,A,C,T,C,C,A,N,N,N,C,N,C,A,C,C,C,A,A,G,A,N,T,G,0,6,P,P,
SEN,TA,TAM,2019,007,SEN_TAM_2019_007,TA7.2019,TA7.2019,TACTCCAGNNTNNANCTAAGCNTG,T,A,C,T,C,C,A,G,N,N,T,N,N,A,N,C,T,A,A,G,C,N,T,G,0,6,P,P,
SEN,TB,TBA,2019,034,SEN_TBA_2019_034,TB34.2019,TB34.2019,NACTCCAGATCNCNCCNAANNTTG,N,A,C,T,C,C,A,G,A,T,C,N,C,N,C,C,N,A,A,N,N,T,T,G,0,6,P,P,
SEN,TB,TBA,2019,007,SEN_TBA_2019_007,TB7.2019,TB7.2019,TACTCNNNNCTGTCCNCTAGANTG,T,A,C,T,C,N,N,N,N,C,T,G,T,C,C,N,C,T,A,G,A,N,T,G,0,6,P,P,
SEN,TB,TBA,2019,078,SEN_TBA_2019_078,TB78.2019,TB78.2019,NANTNCGGTNTANACCCAAGANTG,N,A,N,T,N,C,G,G,T,N,T,A,N,A,C,C,C,A,A,G,A,N,T,G,0,6,P,P,
SEN,TO,TBK,2019,037,SEN_TBK_2019_037,TO37.2019,TO37.2019,TACTCCAGANCNNNNCNACGATTG,T,A,C,T,C,C,A,G,A,N,C,N,N,N,N,C,N,A,C,G,A,T,T,G,0,6,P,P,
SEN,VG,VLG,2019,053,SEN_VLG_2019_053,VG53.2019,VG53.2019,TANTCCNGTCTACANCNAANNTTG,T,A,N,T,C,C,N,G,T,C,T,A,C,A,N,C,N,A,A,N,N,T,T,G,0,6,P,P,
SEN,TA,TAM,2019,007_1,SEN_TAM_2019_007_1,TA7.2019,TA7.2019,TACTCCAGNNTNNANCTAAGCNTG,T,A,C,T,C,C,A,G,N,N,T,N,N,A,N,C,T,A,A,G,C,N,T,G,0,6,P,P,
SEN,DE,DEG,2019,014,SEN_DEG_2019_014,DE014.2019,DE014.2019,XANTCGGGNNCGCNCCNAAGNTTG,X,A,N,T,C,G,G,G,N,N,C,G,C,N,C,C,N,A,A,G,N,T,T,G,1,6,P,P,
SEN,KG,KDG,2019,103,SEN_KDG_2019_103,KG103.2019,KG103.2019,CACTCCNGNNXGCACCCTNNANTG,C,A,C,T,C,C,N,G,N,N,X,G,C,A,C,C,C,T,N,N,A,N,T,G,1,6,P,P,
SEN,NK,MAK,2019,043,SEN_MAK_2019_043,NK43.2019,NK43.2019,TACTNCAGNNCATACCCANNCNXG,T,A,C,T,N,C,A,G,N,N,C,A,T,A,C,C,C,A,N,N,C,N,X,G,1,6,P,P,
SEN,TA,TAM,2019,072,SEN_TAM_2019_072,TA72.2019,TA72.2019,TACTCCNGNTTANNCCNXANCTTG,T,A,C,T,C,C,N,G,N,T,T,A,N,N,C,C,N,X,A,N,C,T,T,G,1,6,P,P,
SEN,VG,VLG,2019,010,SEN_VLG_2019_010,VG10.2019,VG10.2019,CANTCNGNNNXGNACCCAAGCTTG,C,A,N,T,C,N,G,N,N,N,X,G,N,A,C,C,C,A,A,G,C,T,T,G,1,6,P,P,
SEN,GA,GAB,2019,021,SEN_GAB_2019_021,GA21.2019,GA21.2019,NGNCCNAANCTGTNCCCAAGNNTG,N,G,N,C,C,N,A,A,T,C,T,G,T,N,C,C,C,A,A,G,N,N,T,G,0,7,P,P,
SEN,GA,GAB,2019,008,SEN_GAB_2019_008,GA8.2019,GA8.2019,TNCTCGNGANCGTACCNTNGNNTG,T,N,C,T,C,G,G,G,A,N,C,G,T,A,C,C,C,T,A,G,A,N,T,G,0,7,P,P,
SEN,KD,KLD,2019,260,SEN_KLD_2019_260,KD260.2019,KD260.2019,TACTNCNGTNTGNNCANNAGCTTG,T,A,C,T,N,C,N,G,T,N,T,G,N,N,C,A,N,N,A,G,C,T,T,G,0,7,P,P,
SEN,KD,KLD,2019,262,SEN_KLD_2019_262,KD262.2019,KD262.2019,NACNCCAGACTACCNACNNGNNTG,N,A,C,N,C,C,A,G,A,C,T,A,C,C,N,A,C,N,N,G,N,N,T,G,0,7,P,P,
SEN,KD,KLD,2019,282,SEN_KLD_2019_282,KD282.2019,KD282.2019,TACTCCGANNNGCNCNNACANTTG,T,A,C,T,C,C,G,A,N,N,N,G,C,N,C,N,N,A,C,A,N,T,T,G,0,7,P,P,
SEN,KD,KLD,2019,298,SEN_KLD_2019_298,KD298.2019,KD298.2019,TACTNNNNNNTACCCNTACAATTG,T,A,C,T,N,N,N,N,N,N,T,A,C,C,C,N,T,A,C,A,A,T,T,G,0,7,P,P,
SEN,KD,KLD,2019,403,SEN_KLD_2019_403,KD403.2019,KD403.2019,TACTCNNGANNGTACCNANGNCTG,T,A,C,T,C,N,N,G,A,N,N,G,T,A,C,C,N,A,N,G,N,C,T,G,0,7,P,P,
SEN,KD,KLD,2019,434,SEN_KLD_2019_434,KD434.2019,KD434.2019,TACNNGNGTTCGCCCCCNNGNNTG,T,A,C,N,N,G,N,G,T,T,C,G,C,C,C,C,C,N,N,G,N,N,T,G,0,7,P,P,
SEN,KD,KLD,2019,469,SEN_KLD_2019_469,KD469.2019,KD469.2019,CANTCCNNTNTNNACCCNAGCCTG,C,A,N,T,C,C,N,N,T,N,T,N,N,A,C,C,C,N,A,G,C,C,T,G,0,7,P,P,
SEN,KG,KDG,2019,069,SEN_KDG_2019_069,KG069.2019,KG069.2019,NACTCNGGNCTGCNNCNAAGANTG,N,A,C,T,C,N,G,G,N,C,T,G,C,N,N,C,N,A,A,G,A,N,T,G,0,7,P,P,
SEN,KG,KDG,2019,072,SEN_KDG_2019_072,KG072.2019,KG072.2019,NACTCCNGANCGCCCANTNNNTTG,N,A,C,T,C,C,N,G,A,N,C,G,C,C,C,A,N,T,N,N,N,T,T,G,0,7,P,P,
SEN,KM,SMS,2019,015,SEN_SMS_2019_015,KM015.2019,KM015.2019,TANCNCAGNTTGCNNCNAAGANTG,T,A,N,C,N,C,A,G,N,T,T,G,C,N,N,C,N,A,A,G,A,N,T,G,0,7,P,P,
SEN,KO,KTL,2019,002,SEN_KTL_2019_002,KO2.2019,KO2.2019,TACTCCNGNNCGNANCNAAGNTTG,T,A,C,T,C,C,N,G,N,N,C,G,N,A,N,C,N,A,A,G,N,T,T,G,0,7,P,P,
SEN,KO,KTL,2019,007,SEN_KTL_2019_007,KO7.2019,KO7.2019,TANTCGGGTNCANANCCNNGNTTG,T,A,N,T,C,G,G,G,T,N,C,A,N,A,N,C,C,N,N,G,N,T,T,G,0,7,P,P,
SEN,NK,MAK,2019,021,SEN_MAK_2019_021,NK21.2019,NK21.2019,TACTCCGGNNCNNANCNAAGNTTG,T,A,C,T,C,C,G,G,N,N,C,N,N,A,N,C,N,A,A,G,N,T,T,G,0,7,P,P,
SEN,NK,MAK,2019,042,SEN_MAK_2019_042,NK42.2019,NK42.2019,TACTNNNGANCNTACCCACNCNTG,T,A,C,T,N,N,N,G,A,N,C,N,T,A,C,C,C,A,C,N,C,N,T,G,0,7,P,P,
SEN,NK,MAK,2019,054,SEN_MAK_2019_054,NK54.2019,NK54.2019,TANTGGNGNTNGCNNCNAAGACTG,T,A,N,T,G,G,N,G,N,T,N,G,C,N,N,C,N,A,A,G,A,C,T,G,0,7,P,P,
SEN,CS,CSS,2019,006,SEN_CSS_2019_006,RT_CS6.2019,RT_CS6.2019,TATTCNNNNNTNCAACTAAGCNTG,T,A,T,T,C,N,N,N,N,N,T,N,C,A,A,C,T,A,A,G,C,N,T,G,0,7,P,P,
SEN,SE,SES,2019,112,SEN_SES_2019_112,SE112.2019,SE112.2019,NACTGNNGANCGNNCACTNGACTG,N,A,C,T,G,N,N,G,A,N,C,G,N,N,C,A,C,T,N,G,A,C,T,G,0,7,P,P,
SEN,SG,SED,2019,004,SEN_SED_2019_004,SG4.2019,SG4.2019,TACTCCNGATNNCACCNANNCNGG,T,A,C,T,C,C,N,G,A,T,N,N,C,A,C,C,N,A,N,N,C,N,G,G,0,7,P,P,
SEN,SG,SED,2019,052,SEN_SED_2019_052,SG52.2019,SG52.2019,TANNCCNGATTACANCNNAGNCTG,T,A,N,N,C,C,N,G,A,T,T,A,C,A,N,C,N,N,A,G,N,C,T,G,0,7,P,P,
SEN,TA,TAM,2019,015,SEN_TAM_2019_015,TA15.2019,TA15.2019,TACTNCAGNNCGCCCNNTAGNNTG,T,A,C,T,N,C,A,G,N,N,C,G,C,C,C,N,N,T,A,G,N,N,T,G,0,7,P,P,
SEN,TA,TAM,2019,078,SEN_TAM_2019_078,TA78.2019,TA78.2019,TNCTCNNGTTCGCCNCNNCGNTTG,T,N,C,T,C,N,N,G,T,T,C,G,C,C,N,C,N,N,C,G,N,T,T,G,0,7,P,P,
SEN,TA,TAM,2019,087,SEN_TAM_2019_087,TA87.2019,TA87.2019,NATTNCAGANCACNNCCAANANTG,N,A,T,T,N,C,A,G,A,N,C,A,C,N,N,C,C,A,A,N,A,N,T,G,0,7,P,P,
SEN,TO,TBK,2019,026,SEN_TBK_2019_026,TO26.2019,TO26.2019,CACNNCAGACNANNNCCAAGNCTG,C,A,C,N,N,C,A,G,A,C,N,A,N,N,N,C,C,A,A,G,N,C,T,G,0,7,P,P,
SEN,TO,TBK,2019,033,SEN_TBK_2019_033,TO33.2019,TO33.2019,CACNCNNGATNGCNNCTAAGNTTG,C,A,C,N,C,N,N,G,A,T,N,G,C,N,N,C,T,A,A,G,N,T,T,G,0,7,P,P,
SEN,VG,VLG,2019,003,SEN_VLG_2019_003,VG3.2019,VG3.2019,TACTCCNGTNTNCNNCNAAGCNTG,T,A,C,T,C,C,N,G,T,N,T,N,C,N,N,C,N,A,A,G,C,N,T,G,0,7,P,P,
SEN,VG,VLG,2019,063,SEN_VLG_2019_063,VG63.2019,VG63.2019,TACCCCNGATNGCCCNNTNNNCTG,T,A,C,C,C,C,N,G,A,T,N,G,C,C,C,N,N,T,N,N,N,C,T,G,0,7,P,P,
SEN,VG,VLG,2019,068,SEN_VLG_2019_068,VG68.2019,VG68.2019,TANTNCGGNNCGCAACNNNGCTTG,T,A,N,T,N,C,G,G,N,N,C,G,C,A,A,C,N,N,N,G,C,T,T,G,0,7,P,P,
SEN,VG,VLG,2019,076,SEN_VLG_2019_076,VG76.2019,VG76.2019,TACTGNNGNNTGNACCCACNANTG,T,A,C,T,G,N,N,G,N,N,T,G,N,A,C,C,C,A,C,N,A,N,T,G,0,7,P,P,
SEN,GA,GAB,2019,029,SEN_GAB_2019_029,GA29.2019,GA29.2019,NANTNCAGNNNANAANNANNCNXG,N,A,T,T,C,C,A,G,A,T,N,A,N,A,A,N,N,A,N,N,C,T,X,G,1,7,P,P,
SEN,TA,TAM,2019,051,SEN_TAM_2019_051,TA51.2019,TA51.2019,CNCTCCAGTNNNNNCCTAAGCNXG,C,N,C,T,C,C,A,G,T,N,N,N,N,N,C,C,T,A,A,G,C,N,X,G,1,7,P,P,
SEN,TA,TAM,2019,066,SEN_TAM_2019_066,TA66.2019,TA66.2019,XACTCNAGTNTGNNNCNAAGCNTG,X,A,C,T,C,N,A,G,T,N,T,G,N,N,N,C,N,A,A,G,C,N,T,G,1,7,P,P,
SEN,VG,VLG,2019,025,SEN_VLG_2019_025,VG25.2019,VG25.2019,NACTCNNGATCGNACCCNANNTXG,N,A,C,T,C,N,N,G,A,T,C,G,N,A,C,C,C,N,A,N,N,T,X,G,1,7,P,P,
SEN,VG,VLG,2019,035,SEN_VLG_2019_035,VG35.2019,VG35.2019,TANTGCNGATXGCAANNNNGCNTG,T,A,N,T,G,C,N,G,A,T,X,G,C,A,A,N,N,N,N,G,C,N,T,G,1,7,P,P,
SEN,VG,VLG,2019,059,SEN_VLG_2019_059,VG59.2019,VG59.2019,TACNCCAGTNCNCCACNNAGNNXG,T,A,C,N,C,C,A,G,T,N,C,N,C,C,A,C,N,N,A,G,N,N,X,G,1,7,P,P,
SEN,GA,GAB,2019,069,SEN_GAB_2019_069,GA069.2019,GA069.2019,TACNGNAGNCTNCNNCNTAGANTG,T,A,C,N,G,N,A,G,N,C,T,N,C,N,N,C,N,T,A,G,A,N,T,G,0,8,P,P,
SEN,GA,GAB,2019,073,SEN_GAB_2019_073,GA073.2019,GA073.2019,TANTNGNNANCACANNCTNGCCTG,T,A,N,T,N,G,N,N,A,N,C,A,C,A,N,N,C,T,N,G,C,C,T,G,0,8,P,P,
SEN,GA,GAB,2019,015,SEN_GAB_2019_015,GA15.2019,GA15.2019,TANTNNNGNTCGNACNCAAGNCTG,T,A,N,T,N,N,N,G,T,T,C,G,N,A,C,N,C,A,A,G,N,C,T,G,0,8,P,P,
SEN,KD,KLD,2019,308,SEN_KLD_2019_308,KD308.2019,KD308.2019,TACTNNANTNCNCANNTACNCTTG,T,A,C,T,N,N,A,N,T,N,C,N,C,A,N,N,T,A,C,N,C,T,T,G,0,8,P,P,
SEN,KD,KLD,2019,398,SEN_KLD_2019_398,KD398.2019,KD398.2019,TACTCGNGNNNNNNNCCTAGCTTG,T,A,C,T,C,G,N,G,N,N,N,N,N,N,N,C,C,T,A,G,C,T,T,G,0,8,P,P,
SEN,KD,KLD,2019,432,SEN_KLD_2019_432,KD432.2019,KD432.2019,TACCCNNANNNGCNCANACANTTG,T,A,C,C,C,N,N,A,N,N,N,G,C,N,C,A,N,A,C,A,N,T,T,G,0,8,P,P,
SEN,KF,KAF,2019,045,SEN_KAF_2019_045,KF45.2019,KF45.2019,TACTNCNGNNTGNCNCNAAGNTTG,T,A,C,T,N,C,N,G,N,N,T,G,N,C,N,C,N,A,A,G,N,T,T,G,0,8,P,P,
SEN,KF,KAF,2019,046,SEN_KAF_2019_046,KF46.2019,KF46.2019,TACTCNNGNCTNCACCNNANNCTG,T,A,C,T,C,N,N,G,N,C,T,N,C,A,C,C,N,N,A,N,N,C,T,G,0,8,P,P,
SEN,KF,KAF,2019,051,SEN_KAF_2019_051,KF51.2019,KF51.2019,TANTCCAGNNCNCCNNCNAGNCTG,T,A,N,T,C,C,A,G,N,N,C,N,C,C,N,N,C,N,A,G,N,C,T,G,0,8,P,P,
SEN,KF,KAF,2019,053,SEN_KAF_2019_053,KF53.2019,KF53.2019,TACTNNNGNNTNTCACNAAGNTTG,T,A,C,T,N,N,N,G,N,N,T,N,T,C,A,C,N,A,A,G,N,T,T,G,0,8,P,P,
SEN,KF,KAF,2019,055,SEN_KAF_2019_055,KF55.2019,KF55.2019,TACTCCNGNNNNCCCANAAGNNTG,T,A,C,T,C,C,N,G,N,N,N,N,C,C,C,A,N,A,A,G,N,N,T,G,0,8,P,P,Duplicate
SEN,KG,KDG,2019,045,SEN_KDG_2019_045,KG045.2019,KG045.2019,TANTNCAGNTCANNAANACGNTTN,T,A,N,T,N,C,A,G,N,T,C,A,N,N,A,A,N,A,C,G,N,T,T,N,0,8,P,P,
SEN,KG,KDG,2019,073,SEN_KDG_2019_073,KG073.2019,KG073.2019,TACTNGNGNTNNNNCCNAAGATTG,T,A,C,T,N,G,N,G,N,T,N,N,N,N,C,C,N,A,A,G,A,T,T,G,0,8,P,P,
SEN,KG,KDG,2019,093,SEN_KDG_2019_093,KG093.2019,KG093.2019,TANTNGAGNNTNCANCCNAGANTG,T,A,N,T,N,G,A,G,N,N,T,N,C,A,N,C,C,N,A,G,A,N,T,G,0,8,P,P,
SEN,KG,KDG,2019,107,SEN_KDG_2019_107,KG107.2019,KG107.2019,NACTCGAGNNTNCAANCANNANTG,N,A,C,T,C,G,A,G,N,N,T,N,C,A,A,N,C,A,N,N,A,N,T,G,0,8,P,P,
SEN,KM,SMS,2019,014,SEN_SMS_2019_014,KM014.2019,KM014.2019,CATNNCNGNTCGNNCCTTAGNNTG,C,A,T,N,N,C,N,G,N,T,C,G,N,N,C,C,T,T,A,G,N,N,T,G,0,8,P,P,
SEN,KO,KTL,2019,020,SEN_KTL_2019_020,KO20.2019,KO20.2019,TANTCGNNANNNCNCCTAAGNTTG,T,A,N,T,C,G,N,N,A,N,N,N,C,N,C,C,T,A,A,G,N,T,T,G,0,8,P,P,
SEN,MO,MDR,2019,023,SEN_MDR_2019_023,MO23.2019,MO23.2019,NANTGNNGANTNTACCTAAGNNTG,N,A,N,T,G,N,N,G,A,N,T,N,T,A,C,C,T,A,A,G,N,N,T,G,0,8,P,P,
SEN,NK,MAK,2019,039,SEN_MAK_2019_039,NK39.2019,NK39.2019,TNNNCCNGNTCACACNCAAGNNTG,T,N,N,N,C,C,N,G,N,T,C,A,C,A,C,N,C,A,A,G,N,N,T,G,0,8,P,P,
SEN,NK,MAK,2019,073,SEN_MAK_2019_073,NK73.2019,NK73.2019,TACTCGNGNNTNCACNNNNGACTG,T,A,C,T,C,G,N,G,N,N,T,N,C,A,C,N,N,N,N,G,A,C,T,G,0,8,P,P,
SEN,CS,CSS,2019,019,SEN_CSS_2019_019,RT_CS19.2019,RT_CS19.2019,CACTNNNGNCCANNACCACNNTTG,C,A,C,T,N,N,N,G,N,C,C,A,N,N,A,C,C,A,C,N,N,T,T,G,0,8,P,P,
SEN,CS,CSS,2019,021,SEN_CSS_2019_021,RT_CS21.2019,RT_CS21.2019,TACTNGAGNNTATNCNNTNGNTTG,T,A,C,T,N,G,A,G,N,N,T,A,T,N,C,N,N,T,N,G,N,T,T,G,0,8,P,P,
SEN,CS,CSS,2019,022,SEN_CSS_2019_022,RT_CS22.2019,RT_CS22.2019,TATNNNNGNTTGNCNCCTANACTG,T,A,T,N,N,N,N,G,N,T,T,G,N,C,N,C,C,T,A,N,A,C,T,G,0,8,P,P,
SEN,SG,SED,2019,033,SEN_SED_2019_033,SG33.2019,SG33.2019,NATNNCNNATNGNACCTAAGNTTG,N,A,T,N,N,C,N,N,A,T,N,G,N,A,C,C,T,A,A,G,N,T,T,G,0,8,P,P,
SEN,SG,SED,2019,045,SEN_SED_2019_045,SG45.2019,SG45.2019,NACTCNNGNTCNCNNACAAGNCTG,N,A,C,T,C,N,N,G,N,T,C,N,C,N,N,A,C,A,A,G,N,C,T,G,0,8,P,P,
SEN,TA,TAM,2019,032,SEN_TAM_2019_032,TA32.2019,TA32.2019,NNNTCCAGTNTGNACCNNNGACTG,N,N,N,T,C,C,A,G,T,N,T,G,N,A,C,C,N,N,N,G,A,C,T,G,0,8,P,P,
SEN,TA,TAM,2019,038,SEN_TAM_2019_038,TA38.2019,TA38.2019,TACTCNGGNNCANACNNANNCTTG,T,A,C,T,C,N,G,G,N,N,C,A,N,A,C,N,N,A,N,N,C,T,T,G,0,8,P,P,
SEN,TA,TAM,2019,050,SEN_TAM_2019_050,TA50.2019,TA50.2019,NANTNGAGTTCGCNNCCNNGNTTG,N,A,N,T,N,G,A,G,T,T,C,G,C,N,N,C,C,N,N,G,N,T,T,G,0,8,P,P,
SEN,TB,TBA,2019,016,SEN_TBA_2019_016,TB16.2019,TB16.2019,CACCCCNNNNTACNCATNNNATTG,C,A,C,C,C,C,N,N,N,N,T,A,C,N,C,A,T,N,N,N,A,T,T,G,0,8,P,P,
SEN,TH,SLP,2019,054,SEN_SLP_2019_054,TH054.2019,TH054.2019,NACTCCANNNCNCANNCAAGANTG,N,A,C,T,C,C,A,N,N,N,C,N,C,A,N,N,C,A,A,G,A,N,T,G,0,8,P,P,
SEN,VG,VLG,2019,018,SEN_VLG_2019_018,VG18.2019,VG18.2019,NANTNCNGACTNNNCACAAGCNTG,N,A,N,T,N,C,N,G,A,C,T,N,N,N,C,A,C,A,A,G,C,N,T,G,0,8,P,P,
SEN,VG,VLG,2019,075,SEN_VLG_2019_075,VG75.2019,VG75.2019,TACNCCNGANCGCNNCNNNGCTTG,T,A,C,N,C,C,N,G,A,N,C,G,C,N,N,C,N,N,N,G,C,T,T,G,0,8,P,P,
SEN,KG,KDG,2019,071,SEN_KDG_2019_071,KG071.2019,KG071.2019,TANTNCAGTTXGCANCCNNNNNTG,T,A,N,T,N,C,A,G,T,T,X,G,C,A,N,C,C,N,N,N,N,N,T,G,1,8,P,P,
SEN,NK,MAK,2019,071,SEN_MAK_2019_071,NK71.2019,NK71.2019,NATTCNANANNGCNCCCAAGNNXG,N,A,T,T,C,N,A,N,A,N,N,G,C,N,C,C,C,A,A,G,N,N,X,G,1,8,P,P,
SEN,CS,CSS,2019,023,SEN_CSS_2019_023,RT_CS23.2019,RT_CS23.2019,TACTCNNGTNNGTNCCCAANNNXG,T,A,C,T,C,N,N,G,T,N,N,G,T,N,C,C,C,A,A,N,N,N,X,G,1,8,P,P,
SEN,TA,TAM,2019,003,SEN_TAM_2019_003,TA3.2019,TA3.2019,NGTTCNAGNNTGNCNCNAAGNTXG,C,G,T,T,C,N,A,G,T,N,T,G,N,C,N,C,N,A,A,G,N,T,X,G,1,8,P,P,
SEN,TO,TBK,2019,014,SEN_TBK_2019_014,TO14.2019,TO14.2019,TACTXCAGNCTNNNNCTNANCNTG,T,A,C,T,X,C,A,G,N,C,T,N,N,N,N,C,T,N,A,N,C,N,T,G,1,8,P,P,
SEN,VG,VLG,2019,007,SEN_VLG_2019_007,VG7.2019,VG7.2019,TANTNNAGANTNNCCCNANGCTXG,T,A,N,T,N,N,A,G,A,N,T,N,N,C,C,C,N,A,N,G,C,T,X,G,1,8,P,P,
SEN,TA,TAM,2019,003_1,SEN_TAM_2019_003_1,TA3.2019,TA3.2019,NGTTCNAGNNTGNCNCNAAGNTXG,N,G,T,T,C,N,A,G,N,N,T,G,N,C,N,C,N,A,A,G,N,T,X,G,1,8,P,P,
SEN,KF,KAF,2019,036,SEN_KAF_2019_036,KF36.2019,KF36.2019,NACTCGNGNNNGNANNTAAGNTTG,N,A,C,T,C,G,N,G,N,N,N,G,N,A,N,N,T,A,A,G,N,T,T,G,0,9,P,P,
SEN,KF,KAF,2019,008,SEN_KAF_2019_008,KF8.2019,KF8.2019,TACTNCNGNNNNTACCNAAGNNTG,T,A,C,T,N,C,N,G,N,N,N,N,T,A,C,C,N,A,A,G,N,N,T,G,0,9,P,P,
SEN,KG,KDG,2019,002,SEN_KDG_2019_002,KG002.2019,KG002.2019,NACTCNAGNNCNTANCNNANATTG,N,A,C,T,C,N,A,G,N,N,C,N,T,A,N,C,N,N,A,N,A,T,T,G,0,9,P,P,
SEN,KM,SMS,2019,001,SEN_SMS_2019_001,KM1.2019,KM1.2019,TANTCNNGNTTACANNNAAGNNTG,T,A,N,T,C,N,N,G,N,T,T,A,C,A,N,N,N,A,A,G,N,N,T,G,0,9,P,P,
SEN,KO,KTL,2019,005,SEN_KTL_2019_005,KO5.2019,KO5.2019,TATTCNGGANNGTACNNANNNNTG,T,A,T,T,C,N,G,G,A,N,N,G,T,A,C,N,N,A,N,N,N,N,T,G,0,9,P,P,
SEN,NC,NJC,2019,008,SEN_NJC_2019_008,NC8.2019,NC8.2019,CACNCNNGNNCNCACNTAANNTTG,C,A,C,N,C,N,N,G,N,N,C,N,C,A,C,N,T,A,A,N,N,T,T,G,0,9,P,P,
SEN,NK,MAK,2019,024,SEN_MAK_2019_024,NK24.2019,NK24.2019,TNTTCNGNANTGCNCCNTNNANTG,T,N,T,T,C,N,G,N,A,N,T,G,C,N,C,C,N,T,N,N,A,N,T,G,0,9,P,P,
SEN,NK,MAK,2019,058,SEN_MAK_2019_058,NK58.2019,NK58.2019,TNNNCCANATNNNACNCAAGANTG,T,N,N,N,C,C,A,N,A,T,N,N,N,A,C,N,C,A,A,G,A,N,T,G,0,9,P,P,
SEN,NK,MAK,2019,090,SEN_MAK_2019_090,NK90.2019,NK90.2019,NACNCCAGTNNNNANCCNANATTG,N,A,C,N,C,C,A,G,T,N,N,N,N,A,N,C,C,N,A,N,A,T,T,G,0,9,P,P,
SEN,SE,SES,2019,014,SEN_SES_2019_014,SE14.2019,SE14.2019,CACTCXGGNXNNCNCNNAAGANTG,C,A,C,T,C,N,G,G,N,N,N,N,C,N,C,N,N,A,A,G,A,N,T,G,0,9,P,P,
SEN,TH,SLP,2019,017,SEN_SLP_2019_017,TH017.2019,TH017.2019,TANCNNAGNNCGCNCCTANGNNTG,T,A,N,C,N,N,A,G,N,N,C,G,C,N,C,C,T,A,N,G,N,N,T,G,0,9,P,P,
SEN,TH,SLP,2019,022,SEN_SLP_2019_022,TH022.2019,TH022.2019,NANNNGNGNCTANACANTAACNTG,N,A,N,N,N,G,N,G,N,C,T,A,N,A,C,A,N,T,A,A,C,N,T,G,0,9,P,P,
SEN,TH,SLP,2019,055,SEN_SLP_2019_055,TH055.2019,TH055.2019,TANTNNGGTNTNNNCCCAAGNNTG,T,A,N,T,N,N,G,G,T,N,T,N,N,N,C,C,C,A,A,G,N,N,T,G,0,9,P,P,
SEN,VG,VLG,2019,043,SEN_VLG_2019_043,VG43.2019,VG43.2019,TACTNNAGNTCNNACNNNNGATTG,T,A,C,T,N,N,A,G,N,T,C,N,N,A,C,N,N,N,N,G,A,T,T,G,0,9,P,P,
SEN,VG,VLG,2019,056,SEN_VLG_2019_056,VG56.2019,VG56.2019,TACNCNNGNTNGNCACNTNGNTTG,T,A,C,N,C,N,N,G,N,T,N,G,N,C,A,C,N,T,N,G,N,T,T,G,0,9,P,P,
SEN,VG,VLG,2019,065,SEN_VLG_2019_065,VG65.2019,VG65.2019,NANTNCNGTNNACAANCANNCTTG,N,A,N,T,N,C,N,G,T,N,N,A,C,A,A,N,C,A,N,N,C,T,T,G,0,9,P,P,
SEN,VG,VLG,2019,066,SEN_VLG_2019_066,VG66.2019,VG66.2019,TANTCGNGNNTNNACCCANGNNTG,T,A,N,T,C,G,N,G,N,N,T,N,N,A,C,C,C,A,N,G,N,N,T,G,0,9,P,P,
SEN,VG,VLG,2019,074,SEN_VLG_2019_074,VG74.2019,VG74.2019,TACNGCNANCNGCNCNNNANCTTG,T,A,C,N,G,C,N,A,N,C,N,G,C,N,C,N,N,N,A,N,C,T,T,G,0,9,P,P,
SEN,VG,VLG,2019,081,SEN_VLG_2019_081,VG81.2019,VG81.2019,NANTNCNGTNNACAANCANNCTTG,N,A,N,T,N,C,N,G,T,N,N,A,C,A,A,N,C,A,N,N,C,T,T,G,0,9,P,P,
SEN,VG,VLG,2019,089,SEN_VLG_2019_089,VG89.2019,VG89.2019,TANTCNNGANTGNCCCNANNCNTG,T,A,N,T,C,N,N,G,A,N,T,G,N,C,C,C,N,A,N,N,C,N,T,G,0,9,P,P,
SEN,KF,KAF,2019,044,SEN_KAF_2019_044,KF44.2019,KF44.2019,TACTCNNGNXTNNNNCCANGCNTG,T,A,C,T,C,N,N,G,N,X,T,N,N,N,N,C,C,A,N,G,C,N,T,G,1,9,P,P,
SEN,TA,TAM,2019,008,SEN_TAM_2019_008,TA8.2019,TA8.2019,TACNGGNNNNCNNXNNTTAGCTTG,T,A,C,N,G,G,N,N,N,N,C,N,N,X,N,N,T,T,A,G,C,T,T,G,1,9,P,P,
SEN,TA,TAM,2019,008_1,SEN_TAM_2019_008_1,TA8.2019,TA8.2019,TACNGGNNNNCNNXNNTTAGCTTG,T,A,C,N,G,G,N,N,N,N,C,N,N,X,N,N,T,T,A,G,C,T,T,G,1,9,P,P,
SEN,GA,GAB,2019,005,SEN_GAB_2019_005,GA5.2019,GA5.2019,TANTCCANNNNATNNCNAAGNNTG,T,A,N,T,C,C,A,N,N,N,N,A,T,N,N,C,N,A,A,G,N,N,T,G,0,10,P,P,
SEN,KD,KLD,2019,263,SEN_KLD_2019_263,KD263.2019,KD263.2019,TANTNCNGANNANNCCNANGNTTG,T,A,N,T,N,C,N,G,A,N,N,A,N,N,C,C,N,A,N,G,N,T,T,G,0,10,P,P,
SEN,KD,KLD,2019,287,SEN_KLD_2019_287,KD287.2019,KD287.2019,NACTCNNNNNNGCANNTACGNTTG,N,A,C,T,C,N,N,N,N,N,N,G,C,A,N,N,T,A,C,G,N,T,T,G,0,10,P,P,
SEN,KF,KAF,2019,037,SEN_KAF_2019_037,KF37.2019,KF37.2019,CACTNGNGNNNGNNNCTNAGNTTG,C,A,C,T,N,G,N,G,N,N,N,G,N,N,N,C,T,N,A,G,N,T,T,G,0,10,P,P,
SEN,KG,KDG,2019,021,SEN_KDG_2019_021,KG021.2019,KG021.2019,TACTCCNGNNTNCANCCNNNNNTG,T,A,C,T,C,C,N,G,N,N,T,N,C,A,N,C,C,N,N,N,N,N,T,G,0,10,P,P,
SEN,KG,KDG,2019,106,SEN_KDG_2019_106,KG106.2019,KG106.2019,NACTNCNNNCTGNNNCCANNACTG,N,A,C,T,N,C,N,N,N,C,T,G,N,N,N,C,C,A,N,N,A,C,T,G,0,10,P,P,
SEN,KO,KTL,2019,001,SEN_KTL_2019_001,KO1.2019,KO1.2019,NACNCNAGNNNNCACCNANGCNTG,N,A,C,N,C,N,A,G,N,N,N,N,C,A,C,C,N,A,N,G,C,N,T,G,0,10,P,P,
SEN,MK,KML,2019,001,SEN_KML_2019_001,MK1.2019,MK1.2019,TNCTCCNGNNNNNANCNAAGNCTG,T,N,C,T,C,C,N,G,N,N,N,N,N,A,N,C,N,A,A,G,N,C,T,G,0,10,P,P,
SEN,MK,KML,2019,021,SEN_KML_2019_021,MK21.2019,MK21.2019,NANTCNGGNTCGCANNNAANNNTG,N,A,N,T,C,N,G,G,N,T,C,G,C,A,N,N,N,A,A,N,N,N,T,G,0,10,P,P,
SEN,MO,MDR,2019,013,SEN_MDR_2019_013,MO13.2019,MO13.2019,TACTNNGGNTNNCANCNANGNNTG,T,A,C,T,N,N,G,G,N,T,N,N,C,A,N,C,N,A,N,G,N,N,T,G,0,10,P,P,
SEN,SG,SED,2019,040,SEN_SED_2019_040,SG40.2019,SG40.2019,NANNCNNGNNCGCACACANNCNTG,N,A,N,N,C,N,N,G,N,N,C,G,C,A,C,A,C,A,N,N,C,N,T,G,0,10,P,P,
SEN,SG,SED,2019,050,SEN_SED_2019_050,SG50.2019,SG50.2019,TANTCCNGNNNACNNCNANGNCTG,T,A,N,T,C,C,N,G,N,N,N,A,C,N,N,C,N,A,N,G,N,C,T,G,0,10,P,P,
SEN,TA,TAM,2019,036,SEN_TAM_2019_036,TA36.2019,TA36.2019,TACTCCNGNTTGNNCCNNNNNNTG,T,A,C,T,C,C,N,G,N,T,T,G,N,N,C,C,N,N,N,N,N,N,T,G,0,10,P,P,
SEN,TA,TAM,2019,085,SEN_TAM_2019_085,TA85.2019,TA85.2019,TACNNCGNNNNANANCNTAANTTG,T,A,C,N,N,C,G,N,N,N,N,A,N,A,N,C,N,T,A,A,N,T,T,G,0,10,P,P,
SEN,TH,SLP,2019,004,SEN_SLP_2019_004,TH004.2019,TH004.2019,NNCNCGNGTNTNNNCNCTNGCCTG,N,N,C,N,C,G,N,G,T,N,T,N,N,N,C,N,C,T,N,G,C,C,T,G,0,10,P,P,
SEN,TH,SLP,2019,052,SEN_SLP_2019_052,TH052.2019,TH052.2019,TANTNNGGNTTANNCNCNAGNNTG,T,A,N,T,N,N,G,G,N,T,T,A,N,N,C,N,C,N,A,G,N,N,T,G,0,10,P,P,
SEN,TH,SLP,2019,066,SEN_SLP_2019_066,TH066.2019,TH066.2019,NACNCCNGATCANNCCNNNNANTG,N,A,C,N,C,C,N,G,A,T,C,A,N,N,C,C,N,N,N,N,A,N,T,G,0,10,P,P,
SEN,VG,VLG,2019,019,SEN_VLG_2019_019,VG19.2019,VG19.2019,NANTNCNGNNTGCAANNAAGNNTG,N,A,N,T,N,C,N,G,N,N,T,G,C,A,A,N,N,A,A,G,N,N,T,G,0,10,P,P,
SEN,VG,VLG,2019,069,SEN_VLG_2019_069,VG69.2019,VG69.2019,NANTNNAGNNCNCACCNAAGNNTG,N,A,N,T,N,N,A,G,N,N,C,N,C,A,C,C,N,A,A,G,N,N,T,G,0,10,P,P,
SEN,VG,VLG,2019,070,SEN_VLG_2019_070,VG70.2019,VG70.2019,TACTCNAGTTNNNANNCNNGNNTG,T,A,C,T,C,N,A,G,T,T,N,N,N,A,N,N,C,N,N,G,N,N,T,G,0,10,P,P,
SEN,VG,VLG,2019,095,SEN_VLG_2019_095,VG95.2019,VG95.2019,NACTCCANNNNNCACANTANNNGG,N,A,C,T,C,C,A,N,N,N,N,N,C,A,C,A,N,T,A,N,N,N,G,G,0,10,P,P,
SEN,VG,VLG,2019,098,SEN_VLG_2019_098,VG98.2019,VG98.2019,CACNCCNNNTNANNAANTANANGG,C,A,C,N,C,C,N,N,N,T,N,A,N,N,A,A,N,T,A,N,A,N,G,G,0,10,P,P,
SEN,GA,GAB,2019,099,SEN_GAB_2019_099,GA099.2019,GA099.2019,TANTCNAGNTCNNNNCNAAGANNX,T,A,N,T,C,N,A,G,N,T,C,N,N,N,N,C,N,A,A,G,A,N,N,X,1,10,P,P,
SEN,NC,NJC,2019,005,SEN_NJC_2019_005,NC5.2019,NC5.2019,NANTCNNGNNCNCACANAANNTXG,N,A,N,T,C,N,N,G,N,N,C,N,C,A,C,A,N,A,A,N,N,T,X,G,1,10,P,P,
SEN,NK,MAK,2019,011,SEN_MAK_2019_011,NK11.2019,NK11.2019,NACTCNNGNTNXNNACCAANNNTG,N,A,C,T,C,N,N,G,N,T,N,X,N,N,A,C,C,A,A,N,N,N,T,G,1,10,P,P,
SEN,SE,SES,2019,033,SEN_SES_2019_033,SE33.2019,SE33.2019,NXCTCNGGNNNGNACNCANGNNTG,N,X,C,T,C,N,G,G,N,N,N,G,N,A,C,N,C,A,N,G,N,N,T,G,1,10,P,P,
SEN,VG,VLG,2019,041,SEN_VLG_2019_041,VG41.2019,VG41.2019,CANTNCNGNCNGNNCNNNAGCTXG,C,A,N,T,N,C,N,G,N,C,N,G,N,N,C,N,N,N,A,G,C,T,X,G,1,10,P,P,
SEN,GA,GAB,2019,006,SEN_GAB_2019_006,GA6.2019,GA6.2019,NNNTNCNGTTCNCNNCNAANANTG,N,N,N,T,N,C,N,G,T,T,C,N,C,N,N,C,N,A,A,N,A,N,T,G,0,11,P,P,
SEN,KD,KLD,2019,283,SEN_KLD_2019_283,KD283.2019,KD283.2019,TACNCNNANNNGCNNNTACNNTTG,T,A,C,N,C,N,N,A,N,N,N,G,C,N,N,N,T,A,C,N,N,T,T,G,0,11,P,P,
SEN,KG,KDG,2019,024,SEN_KDG_2019_024,KG024.2019,KG024.2019,TACTNNNGNNNNNNNCCTAGNTTG,T,A,C,T,N,N,N,G,N,N,N,N,N,N,N,C,C,T,A,G,N,T,T,G,0,11,P,P,
SEN,NK,MAK,2019,099,SEN_MAK_2019_099,NK99.2019,NK99.2019,TACNNGNGNCNGNNCCNTNGNNTG,T,A,C,N,N,G,N,G,N,C,N,G,N,N,C,C,N,T,N,G,N,N,T,G,0,11,P,P,
SEN,TA,TAM,2019,057,SEN_TAM_2019_057,TA57.2019,TA57.2019,NNCTCNAGTNCNCACNNNNGNNTG,N,N,C,T,C,N,A,G,T,N,C,N,C,A,C,N,N,N,N,G,N,N,T,G,0,11,P,P,
SEN,GA,GAB,2019,094,SEN_GAB_2019_094,GA094.2019,GA094.2019,TANNNNNGNTTANNCCNTNGCCNX,T,A,N,N,N,N,N,G,N,T,T,A,N,N,C,C,N,T,N,G,C,C,N,X,1,11,P,P,
SEN,TA,TAM,2019,081,SEN_TAM_2019_081,TA81.2019,TA81.2019,TACNCGNGNNTGNANNCNNGNNXG,T,A,C,N,C,G,N,G,N,N,T,G,N,A,N,N,C,N,N,G,N,N,X,G,1,11,P,P,
SEN,VG,VLG,2019,087,SEN_VLG_2019_087,VG87.2019,VG87.2019,TNNTNGNGNNNGCNNANXNGCCTG,T,N,N,T,N,G,N,G,N,N,N,G,C,N,N,A,N,X,N,G,C,C,T,G,1,11,P,P,
SEN,GA,GAB,2019,026,SEN_GAB_2019_026,GA26.2019,GA26.2019,NANTNCAGNNCACNANNANNNNTG,N,A,N,T,N,C,A,G,N,N,C,A,C,N,A,N,N,A,N,N,C,N,T,G,0,12,P,P,
SEN,KG,KDG,2019,053,SEN_KDG_2019_053,KG053.2019,KG053.2019,TANNCCANACNNNNNCNNAGNNTG,T,A,N,N,C,C,A,N,A,C,N,N,N,N,N,C,N,N,A,G,N,N,T,G,0,12,P,P,
SEN,KG,KDG,2019,055,SEN_KDG_2019_055,KG055.2019,KG055.2019,NACNNCAGANTNNNNCNNNNATTG,N,A,C,N,N,C,A,G,A,N,T,N,N,N,N,C,N,N,N,N,A,T,T,G,0,12,P,P,
SEN,KG,KDG,2019,070,SEN_KDG_2019_070,KG070.2019,KG070.2019,CANTNNNNNNTNNCCCNTNGNCTG,C,A,N,T,N,N,N,N,N,N,T,N,N,C,C,C,N,T,N,G,N,C,T,G,0,12,P,P,
SEN,KG,KDG,2019,092,SEN_KDG_2019_092,KG092.2019,KG092.2019,NATNNNNGNTNGNNCCNNAGNTTG,N,A,T,N,N,N,N,G,N,T,N,G,N,N,C,C,N,N,A,G,N,T,T,G,0,12,P,P,
SEN,CS,CSS,2019,017,SEN_CSS_2019_017,RT_CS17.2019,RT_CS17.2019,NACNNCANNNCNTNCXNNAGNNTG,N,A,C,N,N,C,A,N,N,N,C,N,T,N,C,X,N,N,A,G,N,N,T,G,1,12,P,P,
SEN,SE,SES,2019,061,SEN_SES_2019_061,SE61.2019,SE61.2019,NANNCCNNNNNACNCCTNANNNXG,N,A,N,N,C,C,N,N,N,N,N,A,C,N,C,C,T,N,A,N,N,N,X,G,1,12,P,P,
SEN,GA,GAB,2019,032,SEN_GAB_2019_032,GA32.2019,GA32.2019,NANTCCNNNNNGNNCCNANNCNTG,T,A,N,T,C,C,N,N,N,N,N,G,N,N,C,C,C,A,N,G,C,C,T,G,0,13,P,P,
SEN,KD,KLD,2019,467,SEN_KLD_2019_467,KD467.2019,KD467.2019,TANCNGNNNNNNCNCNNNNGCCTG,T,A,N,C,N,G,N,N,N,N,N,N,C,N,C,N,N,N,N,G,C,C,T,G,0,13,P,P,
SEN,KG,KDG,2019,001,SEN_KDG_2019_001,KG001.2019,KG001.2019,NANTCNGNNTTGNNCNNNANNNTG,N,A,N,T,C,N,G,N,N,T,T,G,N,N,C,N,N,N,A,N,N,N,T,G,0,13,P,P,
SEN,KG,KDG,2019,008,SEN_KDG_2019_008,KG008.2019,KG008.2019,NANNCCNGNCNNTCNNNNAGNNTG,N,A,N,N,C,C,N,G,N,C,N,N,T,C,N,N,N,N,A,G,N,N,T,G,0,13,P,P,
SEN,KG,KDG,2019,049,SEN_KDG_2019_049,KG049.2019,KG049.2019,NACTCNNGNNNGNANNCTNNNNTG,N,A,C,T,C,N,N,G,N,N,N,G,N,A,N,N,C,T,N,N,N,N,T,G,0,13,P,P,
SEN,KG,KDG,2019,084,SEN_KDG_2019_084,KG084.2019,KG084.2019,NNNTCGNGTNNNNNNNNTAGANTG,N,N,N,T,C,G,N,G,T,N,N,N,N,N,N,N,N,T,A,G,A,N,T,G,0,13,P,P,
SEN,NC,NJC,2019,007,SEN_NJC_2019_007,NC7.2019,NC7.2019,TACTCCNNNNNNNNNCNNAGNNTG,T,A,C,T,C,C,N,N,N,N,N,N,N,N,N,C,N,N,A,G,N,N,T,G,0,13,P,P,
SEN,TA,TAM,2019,020,SEN_TAM_2019_020,TA20.2019,TA20.2019,NACTNNNGNNNGCNNCNTNGNNTG,N,A,C,T,N,N,N,G,N,N,N,G,C,N,N,C,N,T,N,G,N,N,T,G,0,13,P,P,
SEN,TA,TAM,2019,079,SEN_TAM_2019_079,TA79.2019,TA79.2019,NANTNCNGTNNNCNNCNTNGNNTG,N,A,N,T,N,C,N,G,T,N,N,N,C,N,N,C,N,T,N,G,N,N,T,G,0,13,P,P,
SEN,VG,VLG,2019,067,SEN_VLG_2019_067,VG67.2019,VG67.2019,TNCTNNNNNNTGTNNCNNNGNTTG,T,N,C,T,N,N,N,N,N,N,T,G,T,N,N,C,N,N,N,G,N,T,T,G,0,13,P,P,
SEN,VG,VLG,2019,072,SEN_VLG_2019_072,VG72.2019,VG72.2019,TANTNNGGACNNNANNNNNGNNTG,T,A,N,T,N,N,G,G,A,C,N,N,N,A,N,N,N,N,N,G,N,N,T,G,0,13,P,P,
SEN,KG,KDG,2019,064,SEN_KDG_2019_064,KG064.2019,KG064.2019,NACNCNNGANCNNNNXNNNNATTG,N,A,C,N,C,N,N,G,A,N,C,N,N,N,N,X,N,N,N,N,A,T,T,G,1,13,P,P,
SEN,KG,KDG,2019,023,SEN_KDG_2019_023,KG023.2019,KG023.2019,TANTNNNGNNNGNANCCNNGNNNG,T,A,N,T,N,N,N,G,N,N,N,G,N,A,N,C,C,N,N,G,N,N,N,G,0,14,P,P,
SEN,TH,SLP,2019,058,SEN_SLP_2019_058,TH058.2019,TH058.2019,TANTCCNNNNNNNNNCNNAGNNTG,T,A,N,T,C,C,N,N,N,N,N,N,N,N,N,C,N,N,A,G,N,N,T,G,0,14,P,P,
SEN,VG,VLG,2019,060,SEN_VLG_2019_060,VG60.2019,VG60.2019,NACNNCGNNNNACANCNNNNNNTG,N,A,C,N,N,C,G,N,N,N,N,A,C,A,N,C,N,N,N,N,N,N,T,G,0,14,P,P,
SEN,GA,GAB,2019,075,SEN_GAB_2019_075,GA075.2019,GA075.2019,TANNCNNGNNTGNNNNNTNNNNTG,T,A,N,N,C,N,N,G,N,N,T,G,N,N,N,N,N,T,N,N,N,N,T,G,0,15,P,P,
SEN,KG,KDG,2019,029,SEN_KDG_2019_029,KG029.2019,KG029.2019,TNCNNCNGANNNNCNNNNNGNNTG,T,N,C,N,N,C,N,G,A,N,N,N,N,C,N,N,N,N,N,G,N,N,T,G,0,15,P,P,
SEN,KG,KDG,2019,046,SEN_KDG_2019_046,KG046.2019,KG046.2019,NANNCNNGNTNNNANCNNANNNTG,N,A,N,N,C,N,N,G,N,T,N,N,N,A,N,C,N,N,A,N,N,N,T,G,0,15,P,P,
SEN,KM,SMS,2019,024,SEN_SMS_2019_024,KM024.2019,KM024.2019,NANNNNANNNNGNNCNNNNNNNTG,N,A,N,N,N,N,A,N,N,N,N,G,N,N,C,N,N,N,N,N,N,N,T,G,0,18,P,P,
